{
  "env": {
    "browser": true,
    "es2021": true
  },
  "ignorePatterns": ["node_modules", "dist", "build"],
  "extends": [
    "eslint:recommended",
    "plugin:react/recommended",
    "plugin:import/errors",
    "plugin:import/warnings",
    "prettier"
  ],
  "parser": "@babel/eslint-parser",
  "parserOptions": {
    "ecmaFeatures": {
      "jsx": true
    },
    "ecmaVersion": 12,
    "sourceType": "module",
    "requireConfigFile": false,
    "babelOptions": {
      "parserOpts": {
        "plugins": ["jsx"]
      }
    }
  },
  "overrides": [
    {
      "files": ["*.js"],
      "extends": ["prettier"]
    }
  ],
  "plugins": ["react", "import", "prettier"],
  "rules": {
    "indent": ["error", 2],
    "prettier/prettier": "error",
    "linebreak-style": [0, "unix"],
    "quotes": ["error", "single"],
    "semi": ["error", "never"],
    "react/react-in-jsx-scope": "off",
    "react/prop-types": 0,
    "import/no-unresolved": [2, { "caseSensitive": false }],
    "react/jsx-filename-extension": [1, { "extensions": [".js", ".jsx"] }],
    "import/order": [
      2,
      {
        "groups": ["builtin", "external", "internal", "parent", "sibling", "index"],
        "newlines-between": "always"
      }
    ]
  },
  "settings": {
    "react": {
      "version": "detect"
    },
    "import/resolver": {
      "node": {
        "extensions": [".js", ".jsx", ".ts", ".tsx"],
        "moduleDirectory": ["node_modules", "src/"]
      }
    }
  }
}
